Title,Location,Description,Date,Contract Type
Secrétaire de Direction (Constantine),"Constantine, Algérie",SPI SOPHIA GROUPE SOCIETE DE PRODUITS INSECTICIDES recrute une Secrétaire de Direction pour participer à l'élaboration des stratégies commerciales...,26 août 2024,indifférent
Directeur Contrôle de Gestion (Alger),"Kouba, Alger, Algérie",EMPLOI PARTNER recrute pour le compte d'un client un Directeur Contrôle de Gestion pour l'élaboration et suivi des budgets...,26 août 2024,indifférent
Chargé Recouvrement (Alger),"Alger, Algérie",Société privée recrute un Chargé de Recouvrement pour gérer les dossiers de clients n’ayant pas respecté les délais de paiement...,26 août 2024,CDD
Technicien (Alger),"Alger, Algérie",CTTP recrute un Technicien pour effectuer des tâches techniques variées…,26 août 2024,CDD
Directeur Contrôle de Gestion (Blida),"Blida, Algérie",Huntead recrute un Directeur Contrôle de Gestion pour l'élaboration et suivi des budgets...,26 août 2024,CDI
Directeur Contrôle de Gestion (Blida),"Blida, Algérie",Société Privée recrute un Directeur Contrôle de Gestion pour l'élaboration et le suivi des budgets....,26 août 2024,CDI
Chauffeur Démarcheur (Alger),"Alger, Algérie",Société Privée recrute un Chauffeur Démarcheur pour assurer la livraison des courriers aux adresses indiquées et aux services postaux...,26 août 2024,CDD
Chauffeur Léger (Alger),"Alger, Algérie",Société privée recrute un Chauffeur Léger afin de renforcer son équipes...,26 août 2024,CDD
Chargé de Facturation (Alger),"Alger, Algérie",Société privée recrute un Chargé de Facturation pour gérer la facturation des clients et des fournisseurs...,26 août 2024,CDI
Superviseur de Production (Chef d'E ... (Oran),"Oran, Algérie","Talent Connected recrute pour son client, une société pharmaceutique, sise à Oran des superviseurs de production...",26 août 2024,CDI
Conducteur Bulldozer (Alger),"Alger, Algérie","SARL INFRARAIL - FILIALE SNTF recrute un Conducteur Bulldozer pour respecter les consignes de sécurité, assurer la sécurité des autres travailleurs...",26 août 2024,indifférent
Pré Vendeur (Relizane),"Relizane, Relizane, Algérie",SARL Starouate recrute un Pré Vendeur pour la prospection de nouveau clients...,26 août 2024,CDD
Ingénieur Qualité (Alger),"Alger, Algérie",Société Publique recrute Ingénieur Qualité pour assurer l’interface entre les correspondants QHSE des projets...,26 août 2024,indifférent
Chef de Service Commercial (Alger),"Alger, Algérie",Agence Nationale des Ressources Hydrauliques (ANRH) recrute un Chef de Service Commercial pour créer et assurer la présentation commerciale...,26 août 2024,CDI
Ingénieur en Mécanique (Sétif),"Sétif, Algérie",FRAIM INTERNATIONAL recrute un Ingénieur en Mécanique pour assurer la modélisation numérique des pièces à produire...,26 août 2024,indifférent
Technico Commercial Hydraulique (Sétif),"Sétif, Algérie",FRAIM INTERNATIONAL recrute un Technico Commercial Hydraulique pour conseiller et proposer des solutions techniques en matière de produits hydrauliques...,26 août 2024,indifférent
Ingénieur en Génie Mécanique (Mostaganem),"Aïn Sidi Cherif, Mostaganem, Algérie","Mik Algérie recrute un Ingénieur en Génie Mécanique pour planifier, superviser et analyser les essais de prototypes...",26 août 2024,indifférent
Gestionnaire Marketplace (Alger),"Dar El Beïda, Alger, Algérie",SARL SATMIA recrute un Gestionnaire Marketplace pour créer et optimiser les fiches produits...,26 août 2024,indifférent
TS Electromécanicien (Alger),"Alger, Algérie",Société Privée recrute un TS Electromécanicien pour élaborer un plan d'actions…,26 août 2024,indifférent
Graphiste Infographe (Alger),"Draria, Alger, Algérie",MGC PUB recrute un Graphiste Infographe pour l'opération sur Machine Numérique...,26 août 2024,indifférent
Commercial (Centre),"Alger, Algérie",SOLARIS COSMETIQUE recrute un Commercial pour assurer le suivi et la satisfaction des clients existants...,26 août 2024,indifférent
Commercial (Ouest),"Oran, Algérie",SOLARIS COSMETIQUE recrute un Commercial pour assurer le suivi et la satisfaction des clients existants...,26 août 2024,indifférent
Stagiaire Community Manager (Blida),"Blida, Algérie","SOLARIS COSMETIQUE recrute un(e) Stagiaire Community Manager pour contribuer à la réalisation de visuels, textes et vidéos...",26 août 2024,indifférent
Ingénieur d'Etat Informatique (DEV) ... (Alger),"Bab Ezzouar, Alger, Algérie","Importante Entreprise recrute un Ingénieur d'Etat Informatique (DEV) pour concevoir, développer et tester les solutions logicielles conformément à la procédure de développement...",26 août 2024,CDI
Commercial (Est),"Alger, Algérie",SOLARIS COSMETIQUE recrute un Commercial pour assurer le suivi et la satisfaction des clients existants...,26 août 2024,indifférent
Secrétaire (Blida),"Boufarik, Blida, Algérie","SARL MOUNIF PROCALL recrute une Secrétaire pour accueillir les visiteurs, gérer les appels et courriers...",26 août 2024,indifférent
Gérant Agence de voyage (Alger),"Birtouta, Alger, Algérie","SARL MOUNIF PROCALL recrute un Gérant Agence de voyage pour recruter, former, et encadrer le personnel de l'agence...",26 août 2024,indifférent
Chargé Clientèle Commercial (Alger),"Draria, Alger, Algérie",MGC PUB recrute un Chargé(e) Clientèle Commercial(e) pour l'élaboration des e-mails et du courrier...,25 août 2024,indifférent
Responsable Moyens Généraux (Oran),"Hassi Bounif, Oran, Algérie","Orion LAB recrute un Responsable Moyens Généraux pour l'élaboration et suivi du budget, optimisation des coûts...",25 août 2024,indifférent
Chargé(e) /Responsable de la Valida ... (Annaba),"Annaba, Annaba, Algérie",ONYX PHARMACEUTIQUE recrute Un(e) Chargé(e)/Responsable de la Validation des Méthodes Analytiques pour la validation des méthodes analytiques...,25 août 2024,indifférent
Film Maker (Alger),"Dely Ibrahim, Alger, Algérie",Skin Clinic recrute un Film Maker pour gérer la production de contenu audiovisuel...,25 août 2024,indifférent
Assistante Administrative (Alger),"Alger, Algérie",Skin Clinic recrute une Assistante Administrative pour la commande et gestion des fournitures de bureau...,25 août 2024,indifférent
Chargé Marketing (Bordj Bou Arreridj),"Bordj Bou Arreridj, Algérie",Laboratoires Ines Cosmetics recrute un Chargé Marketing pour organiser et coordonner des événements promotionnels et des salons...,25 août 2024,indifférent
Superviseur (Bordj Bou Arreridj),"Bordj Bou Arreridj, Algérie",Laboratoires Ines Cosmetics recrute un Superviseur pour évaluer et suivre les performances des employés...,25 août 2024,indifférent
Commercial (Bordj Bou Arreridj),"Bordj Bou Arreridj, Algérie",Laboratoires Ines Cosmetics recrute un Commercial pour présenter et négocier les produits/services...,25 août 2024,indifférent
Account Manager (Alger),"Birkhadem, Alger, Algérie",MN Agency recrute un Account Manager pour le suivi des bases de données clients...,25 août 2024,indifférent
Spécialiste Senior Planning & Geoma ... (Alger),"Ouled Fayet, Alger, Algérie",WATANIYA TELECOM ALGERIE - OOREDOO - recrute un Spécialiste Senior Planning & Geomarketing pour produire une cartographie numérisée...,22 août 2024,CDI
Digital Development Expert (Alger),"Ouled Fayet, Alger, Algérie",WATANIYA TELECOM ALGERIE - OOREDOO - recrute un Digital Development Expert...,22 août 2024,CDI
Manager Superviseur Suivi Audit et ... (Alger),"Bab Ezzouar, Alger, Algérie",ATM Mobilis EPE-SPA recrute un Manager Superviseur Suivi Audit et Reporting pour constituer les dossiers de suivi d'audit...,22 août 2024,CDI
Chargé de Recrutement (Alger),"Alger, Algérie",Huntead recrute un Chargé de Recrutement pour gérer le processus de recrutement de A à Z...,22 août 2024,indifférent
Assistante de Recrutement (Alger),"Alger, Algérie",Huntead recrute une Assistante de Recrutement pour planifier et coordonner les entretiens...,22 août 2024,indifférent
Agent d’Assemblage des Groupes Elec ... (Oran),"Oran, Algérie",Roukfa Power recrute des Agents d’Assemblage des Groupes Electrogène pour assembler les composants des groupes électrogènes en suivant les plans et les instructions techniques...,22 août 2024,indifférent
Commerciale Assistante Administrati ... (Oran),"Oran, Algérie",Roukfa Power recrute une Commerciale Assistante Administrative pour assister les clients dans leurs besoins liés aux produits Roukfa...,22 août 2024,indifférent
Agent de Maintenance Groupe Electro ... (Oran),"Oran, Algérie",Roukfa Power recrute un Agent de Maintenance Groupe Electrogène pour effectuer la maintenance préventive et corrective des groupes électrogènes...,22 août 2024,indifférent
Chargée Achat et Approvisionnement (Alger),"Douera, Alger, Algérie",LABO NEDJMA recrute un Chargée Achat et Approvisionnement pour respecter les délais et les coûts...,22 août 2024,CDD
Agent Polyvalent (Oran),"Oran, Algérie","Larimedia recrute un Agent Polyvalent pour accueillir les clients, répondre à leurs questions, et les orienter...",22 août 2024,indifférent
Caissier (Oran),"Oran, Algérie",Larimedia recrute un Caissier pour la veille à la propreté et à l'organisation du poste de caisse...,22 août 2024,indifférent
Responsable E-commerce (Oran),"Oran, Algérie","Larimedia recrute un Responsable E-commerce pour la supervision du processus de commande, gestion des retours et des réclamations clients...",22 août 2024,indifférent
Cuisinier Healthy (Alger),"El Achour, Alger, Algérie",SARL WODLAND recrute un Cuisinier Healthy pour la créativité culinaire...,22 août 2024,CDD
Chef de Mission Audit (Alger),"Alger, Algérie",ATM Mobilis EPE-SPA recrute un Chef de Mission Audit pour valider les constats d'audit...,22 août 2024,CDI
Directeur Systèmes d'Information (Alger),"Alger, Algérie","Huntead recrute pour le compte d'un client un Directeur des Systèmes d'Information pour diriger les opérations DevOps, en optimisant les processus CI/CD et en assurant l'automatisation des déploiements applicatifs...",22 août 2024,indifférent
Agent de Billetterie (Alger),"Cheraga, Alger, Algérie","Amazone Voyage Algérie recrute un Agent de Billetterie pour encaisser les paiements, gérer la caisse, effectuer les rapprochements...",22 août 2024,indifférent
Technicien en Maintenance Informati ... (Alger),"El Hammamet, Alger, Algérie",RuePC recrute un Technicien en Maintenance Informatique pour gérer et documenter les tickets de support et les interventions réalisées...,22 août 2024,CDI
Ingénieur d'Etat Informatique (DEV) ... (Alger),"Bab Ezzouar, Alger, Algérie",Société Etatique recrute un Ingénieur d'Etat Informatique pour tester les solutions logicielles pour s'assurer qu'elles sont conformes aux exigences...,22 août 2024,indifférent
Agent de Saisie (Alger),"Dar El Beïda, Alger, Algérie",Cardinal Market recrute un Agent de Saisie pour respecter les normes de protection des données...,21 août 2024,indifférent
Développeur Web WordPress (Alger),"Alger, Algérie",INTERIMEO recrute un Développeur Web WordPress pour créer des thèmes personnalisés et adapter des thèmes existants...,21 août 2024,Indépendant-Freelance
Auditeur (Alger),"Alger, Algérie",Agro-Alimentaire Activité recrute un Auditeur pour établir des rapports et conclusions après chaque mission d’audit...,21 août 2024,indifférent
Ingénieur Informatique (Alger),"Alger, Algérie","Agro-Alimentaire Activité recrute un Ingénieur Informatique pour le développement web, logiciels et applications...",21 août 2024,indifférent
Directeur Commercial et Marketing e ... (Alger),"Alger, Algérie","INTERIMEO recrute un Directeur Commercial et Marketing en Immobilier pour fixer des objectifs clairs pour les équipes commerciales et marketing, en ligne avec la vision et les ambitions de l'entreprise...",21 août 2024,indifférent
Business Partner Indirect Procureme ... (Alger),"Alger, Algérie",WATANIYA TELECOM ALGERIE - OOREDOO - recrute un Business Partner Indirect Procurement pour planifier les projets de sourcing et les superviser...,21 août 2024,CDI
Responsable QHSE (Alger),"Bab Ezzouar, Alger, Algérie",Global Cold recrute un Responsable QHSE pour fixer les objectifs...,21 août 2024,CDD
Chef de Ligne de Production Aliment ... (Alger),"Birkhadem, Alger, Algérie","SARL NUTRIFLEX recrute un Chef de Ligne de Production Alimentaire pour encadrer et former les opérateurs, répartir les tâches, et gérer les plannings...",21 août 2024,CDD
Ouvrière (Alger),"Birkhadem, Alger, Algérie",SARL NUTRIFLEX recrute une Ouvrière pour préparer et gérer les matériaux nécessaires...,21 août 2024,CDD
Vétérinaire (Alger),"Alger, Algérie",Société Privée recrute un Vétérinaire pour assurer le suivi des traitements et des récupérations post-opératoires...,21 août 2024,indifférent
Architect Assistant Manager (Alger),"Alger, Algérie","Société Privée recrute un Architect Assistant Manager pour préparer et gérer la documentation des projets, y compris les plans, les rapports, et les présentations...",21 août 2024,indifférent
Cloud & Windows Ops Senior Engineer ... (Alger),"Ouled Fayet, Alger, Algérie",WATANIYA TELECOM ALGERIE - OOREDOO - recrute un Cloud & Windows Ops Senior Engineer pour assurer le support Niveau 2...,21 août 2024,CDI
Technicien de Surfaces (Boumerdes),"Boumerdes, Boumerdes, Algérie",ABC Clean recrute un Technicien de Surfaces pour entretenir les équipements de nettoyage et approvisionner les fournitures nécessaires...,21 août 2024,indifférent
Agent d’Entretien (Boumerdes),"Boumerdes, Boumerdes, Algérie","ABC Clean recrute un agent d'entretien pour préparer le matériel, les produits nettoyants et baliser les zones glissantes...",21 août 2024,indifférent
Agent Administratif Polyvalent (H/F ... (Alger),"El Achour, Alger, Algérie",SARL WODLAND recrute un Agent Administratif Polyvalent pour développer un portefeuille clients et prospects...,21 août 2024,CDD
Agent de Surface (Alger),"Alger, Algérie",Pharmacie Centrale des Hôpitaux recrute une Femme de ménage pour assurer le nettoyage et l'entretien des locaux...,20 août 2024,indifférent
Agent de Sécurité (Alger),"Alger, Algérie",Entreprise Privée recrute un Agent de Sécurité pour communiquer les mesures de sécurité en cas d'incident...,20 août 2024,CDD
Agent Marketing Digital (Alger),"Alger, Algérie","SARL MELB Algérie recrute un Agent Marketing Digital pour créer, gérer et optimiser des campagnes publicitaires en ligne...",20 août 2024,indifférent
Commercial (Boumerdes),"Ouled Moussa, Boumerdes, Algérie",Royal Tigra recrute un Commercial pour prospecter de nouveaux clients et développer le portefeuille client existant...,20 août 2024,indifférent
Serveur (Alger),"Alger, Algérie",SARL SUSHIIMA recrute un Serveur pour préparer et dresser les tables...,20 août 2024,indifférent
Conducteur Transport en Commun (Alger),"Alger, Algérie",Entreprise Publique recrute un Conducteur Transport en Commun pour s’assurer de la possession des documents de circulation...,20 août 2024,indifférent
Commercial (Alger),"Alger, Algérie",Société Privée recrute un Commercial pour identifier et contacter de nouveaux prospects...,20 août 2024,indifférent
Chargée du Contrôle Gestion Niveau ... (Alger),"Alger, Algérie","Importante Banque recrute un Chargée du Contrôle Gestion Niveau 2 pour participer à l’élaboration et au suivi des budgets, ainsi qu’à la révision des prévisions...",20 août 2024,indifférent
Contrôleur Interne Chargé de l’Agen ... (Alger),"Alger, Algérie",Importante Banque recrute un Contrôleur Interne Chargé de l’Agence pour évaluer et atténuer les risques opérationnels...,20 août 2024,indifférent
Ingénieur d'Eau (Alger),"Bir Mourad Raïs, Alger, Algérie",SPA World LAB recrute un Ingénieur d'Eau pour assurer le respect des normes environnementales et réglementaires...,20 août 2024,CDI
Premier Commis de Cuisine (Alger),"Alger, Algérie",Hyatt Regency recrute un Premier Commis de Cuisine pour,20 août 2024,CDI
Marketing & Communication Manager (Alger),"El Biar, Alger, Algérie",MGTA CAMPUS recrute un Marketing & Communication Manager pour lancer des campagnes digitales...,20 août 2024,CDD
Technicien Can Fix It (Alger),"Alger, Algérie",Hyatt Regency recrute un Technicien Can Fix It pour entretenir les chambres et les espaces publics...,20 août 2024,CDI
Storekeeper (Alger),"Alger, Algérie",Hyatt Regency recrute un Storekeeper pour réaliser des inventaires...,20 août 2024,CDI
Technicien Electricité (Alger),"Alger, Algérie",Hyatt Regency recrute un Technicien Electricité pour réparer et remplacer les éléments défectueux...,20 août 2024,CDI
Technico-Commerciale (Alger),"Alger, Algérie",RuePC recrute un(e) Technico-Commerciale pour assurer le suivi des ventes et la gestion de la relation clientèle après-vente...,20 août 2024,CDI
Architecte (Alger),"Alger, Algérie",Société Etatique recrute une Architecte pour la conception architecturale...,20 août 2024,CDI
Délégué Commercial Extérieur (Alger),"Alger, Algérie","Importante Banque recrute un Délégué Commercial Extérieur pour assurer le suivi des clients, veiller à leur satisfaction et résoudre les éventuels problèmes...",19 août 2024,indifférent
Responsable Marketing (Alger),"Alger, Algérie",Entreprise Privée recrute un Responsable Marketing pour développer les actions commerciales...,19 août 2024,indifférent
Chargé de la Maintenance (Alger),"Alger, Algérie",Importante Banque recrute un Chargé de la Maintenance pour assurer la maintenance préventive et corrective des équipements...,19 août 2024,indifférent
Chargée de Mission (Blida),"Mouzaia, Blida, Algérie",EMPLOI PARTNER recrute une chargée de mission pour assurer le classement et l’archivage des documents et dossiers importants...,19 août 2024,CDD
Directeur Administration & Finances ... (Blida),"Mouzaia, Blida, Algérie",EMPLOI PARTNER recrute un Directeur Administration & Finances pour veiller à la conformité avec les réglementations légales et fiscales...,19 août 2024,CDI
Gestionnaire des Ressources Humaine ... (Blida),"Mouzaia, Blida, Algérie",EMPLOI PARTNER recrute un Gestionnaire des Ressources Humaines Senior pour mettre en place des systèmes d’évaluation de la performance...,19 août 2024,CDD
Gestionnaire des Ressources Humaine ... (Blida),"Mouzaia, Blida, Algérie",Huntead recrute un Gestionnaire des Ressources Humaines Senior pour suivre et analyser les indicateurs clés des ressources humaines...,19 août 2024,CDD
Directeur Administration & Finances ... (Blida),"Mouzaia, Blida, Algérie",Huntead recrute un Directeur Administration & Finances pour élaborer et mettre en œuvre la stratégie financière de l’entreprise...,19 août 2024,CDI
Chargée de Mission (Blida),"Mouzaia, Blida, Algérie",Huntead recrute une Chargée de Mission pour assurer le classement et l’archivage des documents et dossiers importants...,19 août 2024,CDD
Femme de Ménage (Alger),"Alger, Algérie",Agence Nationale des Ressources Hydrauliques (ANRH) recrute une Femme de Ménage pour la désinfection des surfaces...,19 août 2024,CDI
Architecte (Bouira),"Bouira, Algérie",FENIX recrute un architecte pour assurer la conformité réglementaire et des permis...,19 août 2024,indifférent
Gestionnaire des Ressources Humaine ... (Blida),"Mouzaia, Blida, Algérie",Société Agroalimentaire recrute un Gestionnaire des Ressources Humaines Senior pour élaborer et mettre en œuvre la stratégie RH alignée sur les objectifs de l’entreprise...,19 août 2024,CDD
Directeur Administration & Finances ... (Blida),"Mouzaia, Blida, Algérie",Société Agroalimentaire recrute un Directeur Administration & Finances pour élaborer et mettre en œuvre la stratégie financière de l’entreprise...,19 août 2024,CDI
Assistante Planification (Alger),"Kouba, Alger, Algérie",Société Privée recrute une Assistante Planification pour proposer des améliorations de processus...,19 août 2024,CDD
Chargée de Mission (Blida),"Mouzaia, Blida, Algérie","Société Agroalimentaire recrute une Chargée de mission pour organiser et gérer les rendez-vous, réunions, déplacements et engagements de la direction....",19 août 2024,CDD
Graphiste Designer (Alger),"Alger-Centre, Alger, Algérie",Société Privée recrute un Graphiste Designer pour réaliser des retouches et des montages photo de haute qualité...,19 août 2024,CDD
Pharmacien Directeur Technique (H/F ... (Blida),"Ouled Yaïch, Blida, Algérie",Société de Production Pharmaceutique recrute un Pharmacien Directeur Technique pour s’occuper de l’arrangement des dossiers techniques…,19 août 2024,CDI
Office Manager (Alger),"Alger, Algérie",Montessori Algérie recrute un Office Manager pour le suivi des salaires et du pointage...,19 août 2024,indifférent
Éducatrice (Alger),"Alger, Algérie","Montessori Algérie recrute un Educatrice pour favoriser une communication efficace avec les parents, les collègues et les enfants...",19 août 2024,indifférent
Chef de Service Avis Etudes Juridiq ... (Alger),"Alger, Algérie",SPA AL SALAM BANK ALGERIA recrute un Chef de Service Avis Etudes Juridiques pour veiller à la conformité des projets de textes réglementaires avec la législation et la réglementation en vigueur...,19 août 2024,CDI
Gestionnaire RH (Oran),"Oued Tlelat, Oran, Algérie","Société des Nouvelles Brasseries - SNB - recrute un Gestionnaire RH pour le suivi des évolutions légales, proposition d'ajustements...",19 août 2024,CDI
Chef d'Equipe Contrôle Physicochimi ... (Oran),"Oued Tlelat, Oran, Algérie",Société des nouvelles brasseries - SNB - recrute un Chef d'Equipe Contrôle Physicochimique pour réaliser les analyses et assister ses subordonnées en cas de nécessité...,19 août 2024,CDI
Responsable Moyens Généraux (Alger),"Birtouta, Alger, Algérie",SARL OUI CHEF recrute un Responsable moyens généraux pour mettre en place les outils de suivie et reporting RH...,19 août 2024,CDD
Traductrice (Alger),"Baraki, Alger, Algérie",Société Privée recrute une Traductrice pour respecter les délais et les exigences des projets...,19 août 2024,CDD
Agent HSE (Oran),"Oued Tlelat, Oran, Algérie","Société des nouvelles brasseries - SNB - recrute pour un Agent HSE pour veiller au respect des règles d’hygiène et de sécurité sur le terrain, par le personnel et les sous-traitants...",19 août 2024,CDI
Inspecteur Qualité (Oran),"Oued Tlelat, Oran, Algérie",Société des nouvelles brasseries - SNB - recrute des Inspecteurs Qualité pour veiller au maintien de la qualité des produits (normes et présentation)...,19 août 2024,CDD
Réceptionniste Atelier (Alger),"Kouba, Alger, Algérie",Société Privée recrute une Réceptionniste Atelier pour prendre et gérer les rendez-vous pour les interventions techniques...,19 août 2024,CDD
Technical Coating Advisor (Alger),"Alger, Algérie",Technover P Spa recrute un Technical Coating Advisor...,19 août 2024,indifférent
Chargé de Recouvrement (Alger),"Kouba, Alger, Algérie",SARL SADID recrute un Chargé de Recouvrement pour le recouvrement des créances...,18 août 2024,CDI
Assistante de Recrutement (Alger),"Alger, Algérie",EMPLOI PARTNER recrute une Assistante de Recrutement pour trier les CV et présélectionner les candidats…,18 août 2024,indifférent
Chargé de Recrutement (Alger),"Alger, Algérie",EMPLOI PARTNER recrute un Chargé de Recrutement pour faciliter l'intégration et la rétention des nouveaux employés...,18 août 2024,indifférent
Chargé de Clientèle Commercial (Alger),"Alger, Algérie","The7Soul recrute un(e) Chargé(e) de Clientèle Commercial(e) pour préparer et suivre les devis, les commandes et les contrats...",18 août 2024,indifférent
Opératrice sur Machine (Tlemcen),"Tlemcen, Algérie",SARL PROMEDAL recrute une Opératrice sur Machine pour l'entretien préventif et correctif des équipements...,18 août 2024,indifférent
Responsable Maintenance Industriell ... (Alger),"Rouïba, Alger, Algérie",Société de Production Pharmaceutique recrute un Responsable Maintenance Industrielle pour valider les spécifications de maintenabilité des équipements...,18 août 2024,CDD
Responsable de Production (Alger),"Khraicia, Alger, Algérie",NutriPower Algérie recrute un Responsable de Production pour veiller à l’entretien et à la maintenance des équipements de production...,18 août 2024,CDD
Responsable Informatique (Alger),"Hydra, Alger, Algérie",Société de Production Pharmaceutique recrute un Responsable Informatique IT Manager pour assurer le reporting informatique auprès de la direction...,18 août 2024,CDD
Infographiste (Batna),"Ouled Fadel, Batna, Algérie",GRAND CERAM recrute un Infographiste pour la retouche et optimisation d’images...,18 août 2024,indifférent
Directeur Corporate (Alger),"Bab Ezzouar, Alger, Algérie",Importante Banque Nationale recrute un Directeur Corporate pour le management d'une équipe de chargés d'affaires corporate...,18 août 2024,CDI
Assistant Ressources Humaines (H) (Alger),"Dar El Beïda, Alger, Algérie",SARL BIOLUX recrute un Assistant Ressources Humaines pour assurer le suivi de pointage du personnel...,18 août 2024,CDD
Planificateur de la Production (Alger),"Aïn Benian, Alger, Algérie",EURL LA BERGERE recrute un Planificateur de la Production pour,18 août 2024,CDD
Social Media Manager (Alger),"Gué de Constantine, Alger, Algérie",OxyMuse recrute un Social Media Manager pour élaborer et mettre en œuvre les stratégies Social Media...,15 août 2024,CDI
Magasinier (Annaba),"Annaba, Algérie",SARL BIOLUX recrute un Magasinier pour préparer et assurer les livraisons...,15 août 2024,CDD
Medical Advisor (Projet d’Oncologie ... (Alger),"Rahmania, Alger, Algérie",HUNTEAD recrute un Medical Advisor (Projet d’Oncologie) pour former les équipes internes sur les aspects médicaux des produits...,15 août 2024,CDI
Responsable Conditionnement et Expl ... (Boumerdes),"Boumerdes, Algérie",Huntead recrute un Responsable Conditionnement et Exploitation pour superviser le contrôle qualité des produits conditionnés...,15 août 2024,indifférent
Ingénieur Environnement (Alger),"Alger, Algérie","Huntead recrute un Ingénieur Environnement pour préparer les missions en amant (logistique, équipements)...",15 août 2024,CDD
Directeur Finance et Comptabilité (Alger),"Alger, Algérie","Huntead recrute un Directeur Finance et Comptabilité pour superviser et de gérer les aspects financiers. Planification financière, analyse et prise de décision.//",15 août 2024,indifférent
Coursier (Alger),"Kouba, Alger, Algérie",EMPLOI PARTNER recrute un Coursier pour assurer la sécurité des chèques durant le transport et la collecte...,15 août 2024,indifférent
Commercial B to B (Alger),"Staoueli, Alger, Algérie",Société Privée Agroalimentaire recrute un Commercial B to B pour l'enrichissement du portefeuille clients...,15 août 2024,CDD
Conseiller de Vente (Alger),"Cheraga, Alger, Algérie",Basics Cosmetics recrute un(e) Conseiller(ère) de Vente pour gérer les réassorts...,15 août 2024,indifférent
Steward (Alger),"Alger, Algérie",Hyatt Regency recrute un Steward pour,15 août 2024,indifférent
Adjoint Chef de Quart de Production ... (Blida),"Guerouaou, Blida, Algérie",SARL SOPI recrute un Adjoint Chef de Quart de Production pour renseigner les supports de production avec les données du quart...,15 août 2024,CDD
Superviseur Commercial (Blida),"Guerouaou, Blida, Algérie",SARL SOPI recrute un Superviseur Commercial pour suivre les performances...,15 août 2024,CDD
Sales Supervisor (Alger),"Alger, Algérie",Transsion Algeria recrute un Sales Supervisor...,15 août 2024,indifférent
Digital Marketing Specialist (Alger),"Alger, Algérie",Transsion Algeria recrute un Digital Marketing Specialist pour le développement de contenu captivant et pertinent pour diverses plates-formes numériques...,15 août 2024,indifférent
Opérateur Télésurveillance (Alger),"Alger, Algérie",Hyatt Regency recrute un Opérateur Télésurveillance pour informer la direction de tout incident ou activité inhabituelle...,15 août 2024,indifférent
Ingénieur SAV (Oran),"Oran, Algérie",SARL OPTIQUE DISTRIBUTION ALGERIE recrute un Ingénieur SAV pour proposer des solutions pour optimiser l’utilisation des équipements...,15 août 2024,indifférent
Stagiaire Recouvrement (Alger),"Alger, Algérie","EMPLOI PARTNER recrute un Stagiaire Recouvrement pour assurer le suivi journalier de la facturation, leurs acheminements aux clients ainsi que leurs archivages...",15 août 2024,Stage
Ingénieur SAV (Alger),"Alger, Algérie",SARL OPTIQUE DISTRIBUTION ALGERIE recrute un Ingénieur SAV pour proposer des solutions pour optimiser l’utilisation des équipements...,15 août 2024,indifférent
Délégué Chirurgie (Oran),"Oran, Algérie",SARL OPTIQUE DISTRIBUTION ALGERIE recrute un Délégué Chirurgie pour gérer efficacement le territoire assigné...,15 août 2024,indifférent
Délégué Chirurgie (Alger),"Alger, Algérie",SARL OPTIQUE DISTRIBUTION ALGERIE recrute un Délégué Chirurgie pour gérer efficacement le territoire assigné...,15 août 2024,indifférent
Commis de Cuisine (Alger),"Alger, Algérie",Hyatt Regency recrute un Commis de Cuisine pour doser et mélanger les produits et ingrédients culinaires...,15 août 2024,CDI
Technico-Commercial (Constantine),"Constantine, Algérie",GRANITEX recrute un Technico-Commercial pour le suivi technique...,15 août 2024,CDI
Responsable Regional des Ventes (Est),"Aïn Benian, Alger, Algérie","EURL LA BERGERE recrute un Responsable Régional des Ventes pour encadrer, former et motiver les équipes de vente pour atteindre les objectifs fixés...",15 août 2024,CDD
Démarcheur (Alger),"Kouba, Alger, Algérie",EMPLOI PARTNER recrute un Démarcheur pour assurer la sécurité des chèques durant le transport et la collecte...,15 août 2024,indifférent
Ingénieur en Injection Machine (Tizi Ouzou),"Tizi Ouzou, Algérie",DHM COSMÉTIQUE - NELYA COSMETICS recrute un Ingénieur en Injection Machine pour concevoir et améliorer les procédés d'injection des machines...,14 août 2024,indifférent
Commercial (Tizi Ouzou),"Tizi Ouzou, Algérie",DHM COSMÉTIQUE - NELYA COSMETICS recrute un Commercial pour identifier et développer de nouveaux clients...,14 août 2024,indifférent
Commercial et Marketing (Centre/ Est/ Ouest),"Alger, Algérie",EURL LA BERGERE recrute un Commercial et Marketing pour développer les ventes...,14 août 2024,CDD
Comptable (Alger),"El Achour, Alger, Algérie",Société Privée recrute un Comptable senior pour vérifier les imputations comptables...,14 août 2024,CDI
Coordinateur Technique (Alger),"Alger, Algérie",Société Privée recrute un Coordinateur Technique pour surveiller les problèmes du service et les plaintes des clients...,14 août 2024,CDI
Assistante (Alger),"Alger, Algérie",Entreprise Privée recrute une Assistante pour la planification des rendez-vous et des déplacements...,14 août 2024,indifférent
Cadre Comptable Financier (Alger),"Baraki, Alger, Algérie",SARL OVER THE TOP recrute un Cadre Comptable Financier pour le tenue de comptabilité et analyses des comptes...,14 août 2024,CDD
Agent Polyvalent (Oran),"Oran, Algérie",CKT Recyclage recrute un Agent Polyvalent pour veiller au respect des normes de sécurité et signaler les incidents ou anomalies...,14 août 2024,indifférent
Ingénieur en Mécanique (Oran),"Oran, Algérie","CKT Recyclage recrute un Ingénieur en Mécanique pour rédiger des spécifications techniques, des rapports d’essai et des documents de conception...",14 août 2024,indifférent
Comptable (Blida),"Blida, Algérie","Domicile Meuble recrute un Comptable pour vérifier, saisir et suivre les factures fournisseurs et clients...",14 août 2024,indifférent
Commercial (Alger),"Alger, Algérie",Domicile Meuble recrute un Commercial pour rendre compte des ventes et des activités au responsable...,14 août 2024,indifférent
Agent d'Entretien (F) (Alger),"Alger, Algérie",Domicile Meuble recrute un Agent d'Entretien (Femme) pour appliquer les procédures de nettoyage et de sécurité en vigueur...,14 août 2024,indifférent
Chargé de Référentiel Data Analyst (Alger),"Alger, Algérie",Entreprise Privée recrute un Chargé de Référentiel Data Analyst pour être support technique dans l'utilisation de l'ERP...,14 août 2024,CDD
Électricien (Oran),"Oran, Algérie",CKT Recyclage recrute un Électricien pour diagnostiquer les pannes et réparer les équipements défectueux...,14 août 2024,indifférent
Chargé Ressources Humaines (Oran),"Oran, Algérie",CKT Recyclage recrute un Chargé Ressources Humaines pour conseiller et accompagner les managers...,14 août 2024,indifférent
Femme de Ménage (Alger),"Alger, Algérie",Société Privée recrute une Femme de Ménage pour maintenir la propreté et l'ordre dans les locaux...,14 août 2024,CDD
Magasinier (Alger),"Birtouta, Alger, Algérie",SARL OUI CHEF recrute un Magasinier pour le groupage des produits destines a une commande...,14 août 2024,CDD
Chauffeur (Alger),"Rouïba, Alger, Algérie",SARL Transport Bedrane Aissa recrute un Chauffeur pour transporter les personnes et/ou les marchandises en toute sécurité...,14 août 2024,indifférent
Analyste Microbiologie (Alger),"Alger, Algérie",SPA BIOTECH-BIOCARE recrute un Analyste Microbiologie pour mise au point et optimisation de méthodes d’analyse microbiologiques...,14 août 2024,CDD
Responsable Entrepôt et Logistique (Alger),"Birtouta, Alger, Algérie",SARL OUI CHEF recrute un Responsable Entrepôt et Logistique pour préparer les commandes de produits sortants...,14 août 2024,CDD
Responsable des Ressources Humaines ... (Alger),"Birtouta, Alger, Algérie",SARL OUI CHEF recrute un Responsable des Ressources Humaines pour mettre en place les outils de suivie et reporting RH...,13 août 2024,CDD
Infographe (Alger),"Kouba, Alger, Algérie",DIGITAL Company recrute un Infographe pour réviser et ajuster les visuels en fonction des retours et des besoins spécifiques...,13 août 2024,indifférent
Commercial (Alger),"Kouba, Alger, Algérie",DIGITAL Company recrute un Commercial pour atteindre les objectifs de vente fixés par l’entreprise...,13 août 2024,indifférent
Délégué Commercial Produits Capilla ... (Sétif),"Sétif, Algérie",Geo Medica recrute un Délégué Commercial Produits Capillaires Morfose pour offrir un soutien continu aux clients et assurer un excellent service après-vente...,13 août 2024,indifférent
Délégué Commercial Produits Capilla ... (Oran),"Oran, Algérie",Geo Medica recrute un Délégué Commercial Produits Capillaires Morfose pour offrir un soutien continu aux clients et assurer un excellent service après-vente...,13 août 2024,indifférent
Délégué Commercial Produits Capilla ... (Alger),"Alger, Algérie",Geo Medica recrute un Délégué Commercial Produits Capillaires Morfose pour offrir un soutien continu aux clients et assurer un excellent service après-vente...,13 août 2024,indifférent
Délégué Médico-Commercial (Tizi Ouzou),"Tizi Ouzou, Algérie",Geo Medica recrute un Délégué Médico-Commercial pour maintenir et développer des relations solides avec les clients existants...,13 août 2024,indifférent
Délégué Médico-Commercial (Alger),"Alger, Algérie",Geo Medica recrute un Délégué Médico-Commercial pour maintenir et développer des relations solides avec les clients existants...,13 août 2024,indifférent
Chef de Produit Médical (Oran),"Oran, Algérie",Geo Medica recrute un Chef de Produit Médical pour définir et mettre en œuvre les stratégies de marketing pour les produits médicaux...,13 août 2024,indifférent
Superviseur Des Ventes (Oran),"Oran, Algérie",Sarl Starouate recrute un Superviseur Des Ventes pour planifier et organiser les tournés de vente des agents commerciaux pour maximiser leur efficacité...,13 août 2024,CDD
Assistante Commerciale (Femme) (Alger),"Alger, Algérie",Sky Travel Services recrute une Assistante Commerciale pour promouvoir les services de l'entreprise...,13 août 2024,indifférent
Stagiaire Commerciale (Alger),"Kouba, Alger, Algérie",EMPLOI PARTNER recrute une Stagiaire Commerciale pour assurer le suivi administratif des contrats...,13 août 2024,Stage
Comptable (Alger),"Alger, Algérie",SPA BIOCARE-BIOTECH recrute un Comptable pour participer au développement du système d'information...,13 août 2024,indifférent
Cadre Comptable (Alger),"Alger, Algérie",Entreprise Publique recrute un Cadre Comptable pour établir l’état des dettes...,13 août 2024,indifférent
Agent de Surface (Alger),"Aïn Benian, Alger, Algérie","La Bergère recrute un Agent de Surface pour effectuer les travaux de finition (polissage, retouche)...",13 août 2024,CDD
Contrôleur de Qualité (Alger),"Aïn Benian, Alger, Algérie",La Bergère recrute un Contrôleur de Qualité pour élaborer le tableau de bord du département...,13 août 2024,CDD
Chauffeur (F) (Alger),"Birtouta, Alger, Algérie","Société Privée recrute un Chauffeur (F) pour offrir un service courtois et professionnel aux passagers, le cas échéant...",13 août 2024,CDD
Agent de Sécurité (Alger),"Alger, Algérie",DJAZAIR PORT WORLD recrute un Agent de Sécurité pour intervenir sur appel ou prévient les incidents...,13 août 2024,CDD
Vendeur DD (Alger),"Alger, Algérie",ROSTOV FOOD DISTRIBUTION recrute un Vendeur DD pour surveiller la réalisation des objectifs de vente...,13 août 2024,indifférent
Ingénieur PVC (Bordj Bou Arreridj),"Bordj Bou Arreridj, Algérie",TOP LINE recrute un Ingénieur PVC pour réaliser des études de faisabilité et des analyses techniques pour évaluer la viabilité des projets...,13 août 2024,indifférent
Technicien PVC (Bordj Bou Arreridj),"Bordj Bou Arreridj, Algérie",TOP LINE recrute un Technicien PVC pour préparer et assembler les éléments en PVC selon les plans et les spécifications techniques...,13 août 2024,indifférent
Aide Comptable (Bordj Bou Arreridj),"Bordj Bou Arreridj, Algérie",TOP LINE recrute un Aide Comptable pour participer au développement du système d'information...,13 août 2024,indifférent
Commercial (Bordj Bou Arreridj),"Bordj Bou Arreridj, Algérie",TOP LINE recrute un Commercial pour décrocher de nouveaux marchés et promouvoir les produits...,13 août 2024,indifférent
Assistante Administrative (Bordj Bou Arreridj),"Bordj Bou Arreridj, Algérie","TOP LINE recrute une Assistante Administrative pour accueillir les visiteurs, clients, fournisseurs, les diriger, prise de note de leurs besoins...",13 août 2024,indifférent
Magasinier (Bordj Bou Arreridj),"Bordj Bou Arreridj, Algérie",TOP LINE recrute un Magasinier pour contrôler qualitativement et quantitativement les marchandises réceptionnées...,13 août 2024,indifférent
Agent Polyvalent (Bordj Bou Arreridj),"Bordj Bou Arreridj, Algérie",TOP LINE recrute un Agent Polyvalent pour maintenir en état de fonctionnement et de propreté les surfaces de travail...,13 août 2024,indifférent
Ouvrier d'Entretien (Bordj Bou Arreridj),"Bordj Bou Arreridj, Algérie",TOP LINE recrute un Ouvrier d'Entretien pour assurer le bon fonctionnement des systèmes de sécurité...,13 août 2024,indifférent
Ingénieur CFO/CFA (Alger),"Alger, Algérie",ORIGIN/AEA recrute un Ingénieur CFO/CFA pour suivre l’exécution des contrats prestataires...,13 août 2024,CDD
Dessinateur Projeteur (Alger),"Alger, Algérie",ORIGIN/AEA recrute un Dessinateur Projeteur pour établir les dessins et détails d’exécution en béton armé et charpente métallique...,13 août 2024,CDD
Dessinateur Projeteur (Blida),"Blida, Algérie",ORIGIN/AEA recrute un Dessinateur Projeteur pour établir les dessins et détails d’exécution en béton armé et charpente métallique...,13 août 2024,CDD
Dessinateur Projeteur (Tipaza),"Tipaza, Algérie",ORIGIN/AEA recrute un Dessinateur Projeteur pour établir les dessins et détails d’exécution en béton armé et charpente métallique...,13 août 2024,CDD
Ingénieur CFO/CFA (Blida),"Blida, Algérie",ORIGIN/AEA recrute un Ingénieur CFO/CFA pour suivre l’exécution des contrats prestataires...,13 août 2024,CDD
Ingénieur CFO/CFA (Tipaza),"Tipaza, Algérie",ORIGIN/AEA recrute un Ingénieur CFO/CFA pour suivre l’exécution des contrats prestataires...,13 août 2024,CDD
Opérateur Thermoformeuse (Blida),"Boufarik, Blida, Algérie",EURL LA BERGERE recrute un Opérateur Thermoformeuse pour respecter les normes de sécurité et de qualité établies...,13 août 2024,CDD
Agent de Gardiennage (Alger),"Kouba, Alger, Algérie",Société Privée recrute un Agent de Gardiennage pour Assurer la sûreté des locaux...,13 août 2024,CDD
Assistante de Direction (Alger),"Kouba, Alger, Algérie","SARL SADID recrute une Assistante de Direction pour la préparation et le suivi des dossiers, courriers, rapports et présentations...",13 août 2024,CDI
Responsable Commercial (Alger),"Alger, Algérie",EMPLOI PARTNER recrute pour son client TRIPODE MOBILIER un Responsable Commercial pour fixer les objectifs et les axes prioritaires...,13 août 2024,CDD
Agent de Production (Sétif),"El Eulma, Sétif, Algérie",KIMTAL LUXE recrute un Agent de Production pour l'assemblage et fabrication de produits selon les normes de qualité établies...,13 août 2024,indifférent
Responsable Système Management Qual ... (Alger),"Aïn Benian, Alger, Algérie",EURL LA BERGERE recrute un Responsable Système Management Qualité pour préparer les Revues de Directions et rapporte les conclusions...,12 août 2024,CDD
Technicien de Lutte Antiparasitaire ... (Oran),"Oran, Algérie",H3D recrute un Technicien de Lutte Antiparasitaire pour inspecter et diagnostiquer les infestations de parasites...,12 août 2024,indifférent
Technicien de Lutte Antiparasitaire ... (Alger),"Alger, Algérie",H3D recrute un Technicien de Lutte Antiparasitaire pour inspecter et diagnostiquer les infestations de parasites...,12 août 2024,indifférent
Commerciale Itinérante (Alger),"Alger, Algérie",EMPLOI PARTNER recrute un(e) Commercial Itinérant pour la prospection auprès de la clientèle…,12 août 2024,CDI
Commerciale Sédentaire (Alger),"Kouba, Alger, Algérie",EMPLOI PARTNER recrute un(e) Commercial(e) Sédentaire pour décrocher de nouveaux marchés et promouvoir les produits...,12 août 2024,indifférent
Développeur WEB (Alger),"Birtouta, Alger, Algérie",Société Privée recrute un Développeur WEB pour rédiger une documentation technique claire et détaillée...,12 août 2024,indifférent
Délégué Médical (Alger),"Alger, Algérie",Clinique Du Val recrute un Délégué Médical pour organiser des événements et des formations sur les produits...,12 août 2024,indifférent
Chef Comptable (Alger),"Alger, Algérie",Clinique Du Val recrute un Chef Comptable pour assurer la conformité réglementaire et fiscale...,12 août 2024,indifférent
Directeur Marketing (Alger),"Alger, Algérie",ATM Mobilis EPE -SPA recrute un Directeur Marketing pour réaliser le bilan des actions marketing et proposer des axes d'évolution...,12 août 2024,CDI
Commerciale (Alger),"Dar El Beïda, Alger, Algérie","Touatcom recrute une Commerciale pour négocier et conclure des ventes, suivre les commandes...",12 août 2024,indifférent
Secrétaire de Direction (Alger),"Kouba, Alger, Algérie",Sarl AGRO FUSION recrute un Secrétaire de Direction pour gérer les documents et l’archivage...,12 août 2024,indifférent
Electromécanicien (Tipaza),"Damous, Tipaza, Algérie",Entreprise Publique recrute un Electromécanicien pour,12 août 2024,indifférent
Assistante Commerciale (Alger),"Alger-Centre, Alger, Algérie","Bureau d'Affaire - Finaba - recrute une Assistante Commerciale pour traiter les commandes clients, préparer les devis et suivre les livraisons...",12 août 2024,indifférent
Chargé Marketing Digital (Alger),"Bouzareah, Alger, Algérie",Moto Team recrute un Chargé Marketing Digital pour renforcer la réputation de l'entreprise et sa présence sur les médias sociaux...,12 août 2024,CDD
Assistante Commerciale (Alger),"Bouzareah, Alger, Algérie",Moto Team recrute un Assistante Commerciale pour rédiger et traiter les devis...,12 août 2024,CDD
Administrateur des Ventes (Alger),"Birtouta, Alger, Algérie",SARL OUI CHEF recrute un Administrateur des ventes pour assurer la gestion des décomptes livreurs et fin de tournées de livraisons...,12 août 2024,CDD
Contrôleur Centrales des Engagement ... (Alger),"Alger, Algérie",Importante Banque recrute un Contrôleur Centrales des Engagements pour identifier les risques financiers potentiels et proposer des actions correctives...,12 août 2024,indifférent
Archiviste Documentaliste (Alger),"Kouba, Alger, Algérie",SARL SADID recrute un Archiviste Documentaliste pour répertorier les documents placés en archives...,12 août 2024,CDI
Support Maintenance Engineer (El Oued),"El Oued, Algérie","Huntead recrute un Support Maintenance Engineer pour enregistrer, suivre et résoudre les tickets d'incidents...",12 août 2024,indifférent
Support Maintenance Engineer (Annaba),"Annaba, Algérie","Huntead recrute un Support Maintenance Engineer pour enregistrer, suivre et résoudre les tickets d'incidents...",12 août 2024,indifférent
Support Maintenance Engineer (Oran),"Oran, Algérie","Huntead recrute un Support Maintenance Engineer pour enregistrer, suivre et résoudre les tickets d'incidents...",12 août 2024,indifférent
Responsable Commercial (Alger),"Alger, Algérie",Huntead recrute pour son client TRIPODE MOBILIER un Responsable Commercial pour fixer les objectifs et les axes prioritaires...,12 août 2024,CDD
Gérant d'Agence de Voyage (Annaba),"Annaba, Algérie",Hôtel Mimosa Palace recrute un Gérant d'Agence de Voyage pour gérer la politique financière et administrative de l’entreprise...,11 août 2024,indifférent
Gérant d'Hôtel (Annaba),"Annaba, Algérie",Hôtel Mimosa Palace recrute un Gérant d'Hôtel pour concevoir et organiser la prestation hébergement et les services à la clientèle associés...,11 août 2024,indifférent
Chef Cuisinier (Annaba),"Annaba, Algérie",Hôtel Mimosa Palace recrute un Chef Cuisinier pour assurer le bon fonctionnement de la cuisine...,11 août 2024,CDD
Directeur d'Agence de Voyage (Annaba),"Annaba, Algérie",Hôtel Mimosa Palace recrute un Directeur d'Agence de Voyage pour gérer la politique financière et administrative de l’entreprise...,11 août 2024,indifférent
Comptable (cabinet de commissariat ... (Alger),"Kouba, Alger, Algérie",CABINTE DE COMPTABILITE DRARENI KHEIREDDINE recrute un Comptable pour tenir à jour la comptabilité générale et analytique des clients...,11 août 2024,indifférent
Stagiaire en Comptabilité (cabinet ... (Alger),"Kouba, Alger, Algérie",Cabinet de Comptabilité et de Commissariat aux comptes cherche un(e) stagiaire pour une durée de (06) mois pour participer aux enregistrements comptables...,11 août 2024,Stage
Spécialiste HSE (Alger),"Alger, Algérie",SPA Toyota Algérie recrute un Spécialiste HSE pour,11 août 2024,CDI
Assistante Commerciale (Blida),"Blida, Algérie",Family Protect recrute une Assistante Commerciale pour maintenir des bases de données clients...,11 août 2024,indifférent
Superviseur (Blida),"Blida, Algérie",Family Protect recrute un Superviseur pour planifier les horaires et les tâches...,11 août 2024,indifférent
Ingénieur Electromécanique (Alger),"Alger, Algérie",Entreprise Publique recrute un Ingénieur Electromécanique pour assembler des différentes pièces...,11 août 2024,indifférent
Chauffeur Livreur (Alger),"Alger, Algérie",Entreprise Privée recrute un Chauffeur Livreur pour s'assurer de l'exactitude des informations de livraison et de l'intégrité des produits...,11 août 2024,CDD
Cadre Gestion des Stocks (Alger),"Alger, Algérie",Entreprise Publique recrute un Cadre Gestion des Stocks pour gérer les cessions inter projets et filiales...,11 août 2024,indifférent
Informaticien Maintenance Réseau (Alger),"Dar El Beïda, Alger, Algérie",SARL BIOLUX recrute un Informaticien Maintenance Réseau pour diagnostiquer et résoudre les problèmes techniques des pcs...,11 août 2024,indifférent
Ingénieur HSE (Alger),"Alger, Algérie",Entreprise Publique recrute un Ingénieur HSE pour élaborer la revue de direction...,11 août 2024,indifférent
Ingénieur en Génie Civil (Alger),"Alger, Algérie",Entreprise Publique recrute un Ingénieur en Génie Civil pour valider les plans de réalisations...,11 août 2024,indifférent
Ingénieur Travaux Publics (Alger),"Alger, Algérie",Entreprise Publique recrute un Ingénieur Travaux Publics pour préparer et organiser le projet tant sur le plan technique qu'administratif...,11 août 2024,indifférent
Chauffeur Clark (Alger),"Dar El Beïda, Alger, Algérie",SARL BIOLUX recrute un Chauffeur Clark pour empiler des palettes vides...,11 août 2024,indifférent
Magasinier (Annaba),"Annaba, Algérie",SARL BIOLUX recrute un Magasinier pour préparer et assurer les livraisons...,11 août 2024,indifférent
Magasinier (Sétif),"Sétif, Algérie",SARL BIOLUX recrute un Magasinier pour préparer et assurer les livraisons...,11 août 2024,indifférent
Technicien de Maintenance (Boumerdes),"Boumerdes, Algérie",SOCIETE MODERNE D'IMPRIMERIE recrute un Technicien de Maintenance pour diagnostiquer et réparer les pannes...,11 août 2024,indifférent
Commercial (Boumerdes),"Boumerdes, Algérie",SOCIETE MODERNE D'IMPRIMERIE recrute un Commercial pour identifier et démarcher de nouveaux clients...,11 août 2024,indifférent
Infographe (Alger),"Alger, Algérie",Epecia recrute un Infographe pour développer des maquettes et des prototypes pour les projets numériques et imprimés...,11 août 2024,indifférent
Community Manager (Alger),"Alger, Algérie",ZCMC recrute un Community Manager pour gérer les crises potentielles et protéger l'image de la marque en ligne...,11 août 2024,indifférent
Assistant (Alger),"Baraki, Alger, Algérie",Société Privée recrute un Assistant pour assurer le suivi des dossiers et projets en cours...,11 août 2024,CDD
Responsable de Maintenance (Alger),"Alger, Algérie",Société Privée recrute un Responsable de Maintenance pour assurer la gestion du magasin PDR...,11 août 2024,indifférent
Chargé de la Trésorerie (Alger),"Bab Ezzouar, Alger, Algérie",Importante Banque Nationale recrute un(e) Chargé(e) de la Trésorerie pour participer à l'élaboration du budget...,11 août 2024,indifférent
Opérateur sur Machine de Plaquage d ... (Alger),"Les Eucalyptus, Alger, Algérie",Maison Style recrute un Opérateur sur Machine de Plaquage de Panneaux MDF pour suivre les procédures de sécurité et les normes d'hygiène en vigueur sur le site de production...,8 août 2024,indifférent
Gestionnaire des Ressources Humaine ... (Alger),"Birtouta, Alger, Algérie",SARL OUI CHEF recrute un Gestionnaire des Ressources Humaines pour établir et superviser la gestion de la paie...,8 août 2024,CDD
Community Manager (Alger),"Alger, Algérie",Société Privée recrute un Community Manager pour développer la notoriété de la marque sur le web...,8 août 2024,CDD
Gestionnaire de Stock (Alger),"Dar El Beïda, Alger, Algérie",YESPARACOS recrute un Gestionnaire de Stock pour réaliser des inventaires réguliers et résoudre les écarts de stock...,8 août 2024,indifférent
Responsable Commercial (Alger/Tizi Ouzou),"Tizi Ouzou, Algérie",SIAD AUTOMOBILES recrute un Responsable Commercial pour identifier de nouveaux prospects...,8 août 2024,CDD
Responsable Marketing (Tizi Ouzou),"Tizi Ouzou, Algérie",SIAD AUTOMOBILES recrute un Responsable Marketing pour promouvoir l'image de l'entreprise...,8 août 2024,CDD
Responsable Marketing (Alger),"Birtouta, Alger, Algérie",Société Privée recrute un Responsable Marketing pour diagnostiquer les pannes...,8 août 2024,indifférent
Architecte (Bouira),"Bouira, Algérie",FENIX recrute une Architecte pour le déplacements de la prise de mesures et les métrés...,8 août 2024,indifférent
Adjoint Traiteur,"Alger, Algérie",Société Privée recrute un Adjoint Traiteur pour établir un cahier des charges...,8 août 2024,CDD
Gestionnaire Approvisionnement (Alger),"Alger, Algérie",Société Privée recrute un Gestionnaire Approvisionnement pour établir et maintenir des relations avec les fournisseurs clés...,8 août 2024,CDD
Assistante (Alger),"El Harrach, Alger, Algérie",SLIMANI Audition recrute une Assistante pour le traitement du courrier et des emails...,8 août 2024,indifférent
Formateur en Ressources Humaines et ... (Alger),"Alger, Algérie","Safety Integrated Solutions Algerie recrute un Formateur en Ressources Humaines et Management pour dispenser des formations interactives et engageantes en salle ou en ligne, en utilisant divers outils pédagogiques et méthodologies...",8 août 2024,indifférent
Plaquiste (Oran),"Oran, Algérie",Plaza Hôtel Oran recrute un Plaquiste pour respecter les normes de sécurité et d'hygiène sur les chantiers...,8 août 2024,indifférent
Serveuse (Oran),"Oran, Algérie","Plaza Hôtel Oran recrute une Serveuse pour accueillir les clients, les escorter à leur table et présenter le menu...",8 août 2024,indifférent
Chef de Partie Froid (Oran),"Oran, Algérie",Plaza Hôtel Oran recrute un Chef de Partie Froid pour gérer la mise en place et l'organisation du poste de travail...,8 août 2024,indifférent
Chef de Partie Chaud (Oran),"Oran, Algérie",Plaza Hôtel Oran recrute un Chef de Partie Chaud pour former et encadrer les commis de cuisine sous sa responsabilité...,8 août 2024,indifférent
Boulanger (Oran),"Oran, Algérie",Plaza Hôtel Oran recrute un Boulanger pour,8 août 2024,indifférent
Briochard (Oran),"Oran, Algérie",Plaza Hôtel Oran recrute un Briochard pour,8 août 2024,indifférent
Cadre Comptable (Biskra),"Chetma, Biskra, Algérie",Entreprise Publique recrute un Cadre Comptable pour établir le rapprochement des comptes de liaison...,8 août 2024,indifférent
Chargé d'Etudes (Chargé des Opérati ... (Alger),"Bab Ezzouar, Alger, Algérie",Importante Banque Nationale recrute un Chargé des Opérations pour signaler toute opération suspecte...,8 août 2024,indifférent
Éducatrice Anglophone (Alger),"Aïn Benian, Alger, Algérie",Crèche Le Monde des innocents Belle Vue recrute une Éducatrice Anglophone pour collaborer avec les parents et le personnel; promouvoir l’utilisation de l’anglais...,8 août 2024,indifférent
Assistant du PDG Chargé de l'Audit (Alger),"Alger, Algérie",LEATHER INDUSTRY recrute un Assistant du PDG Chargé de l'Audit pour diriger des projets spéciaux liés à l’audit...,8 août 2024,indifférent
Chargé d'Études et de Contrôle de G ... (Alger),"Alger, Algérie","LEATHER INDUSTRY recrute un Chargé d'Études et de Contrôle de Gestion pour préparer et suivre les budgets, analyser les écarts...",8 août 2024,indifférent
Directeur des Finances et de la Com ... (Alger),"Alger, Algérie",LEATHER INDUSTRY recrute un Directeur des Finances et de la Comptabilité pour contrôler la régularité de la gestion des stocks...,8 août 2024,indifférent
Éducatrice Francophone (Alger),"Aïn Benian, Alger, Algérie",Crèche Le Monde des innocents Belle Vue recrute une Éducatrice Francophone pour collaborer avec les parents et le personnel ; encourager l'utilisation du français...,8 août 2024,indifférent
Maître d'Hôtel (Oran),"Oran, Algérie","Plaza Hôtel Oran recrute un Maître d'Hôtel pour planifier les services, attribuer les tables et gérer le flux de clients pour optimiser l’efficacité du service...",7 août 2024,indifférent
Hôtesse d'Accueil (Oran),"Oran, Algérie","Plaza Hôtel Oran recrute une Hôtesse d'Accueil pour répondre aux appels, transférer les communications et prendre des messages...",7 août 2024,indifférent
Délégué Commercial (Oran),"Bir El Djir, Oran, Algérie",Rancy Voyage recrute un Délégué Commercial pour identifier et développer de nouvelles opportunités commerciales sur le marché...,7 août 2024,indifférent
Auditeur (Alger),"Rouïba, Alger, Algérie",Société Etatique recrute un Auditeur pour la recommandations et suivi...,7 août 2024,CDD
Ingénieur en Electricité (Alger),"Alger, Algérie",Spa SIDEM ENGINEERING recrute un Ingénieur en Electricité pour concevoir les études relatives aux études d’électricité...,7 août 2024,CDD
Responsable Cellule Audit (Alger),"Rouïba, Alger, Algérie",Société Etatique recrute un Responsable Cellule Audit pour l'analyse des risques...,7 août 2024,CDD
Professeur de Français (Alger),"Aïn Benian, Alger, Algérie",DNL School recrute un(e) Professeur de Français pour participer à la création de matériel pédagogique et à des projets pédagogiques innovants...,7 août 2024,indifférent
Professeur d'Anglais (Alger),"Aïn Benian, Alger, Algérie","DNL School recrute un(e) Professeur d'Anglais pour concevoir et évaluer les examens, les devoirs et les projets ; suivre les progrès des étudiants...",7 août 2024,indifférent
Secrétaire de Direction (Alger),"Alger, Algérie",Entreprise Publique recrute une Secrétaire de Direction pour organiser la logistique des réunions...,7 août 2024,indifférent
Coffreur (Alger),"Alger, Algérie",Hydrotechnique Spa recrute un Coffreur pour assurer la maintenance et la dépose des coffrages...,7 août 2024,indifférent
Agent d'Entretien (Alger),"Alger, Algérie",Hydrotechnique Spa recrute un Agent d'Entretien pour nettoyer et désinfecter les surfaces...,7 août 2024,indifférent
Technicien Supérieur en Informatiqu ... (Alger),"Alger, Algérie",Hydrotechnique Spa recrute un Technicien Supérieur en Informatique pour surveiller et optimiser les performances du réseau...,7 août 2024,indifférent
Soudeur (Alger),"Alger, Algérie",Entreprise Publique recrute un Soudeur pour étuver les électrodes...,7 août 2024,indifférent
Manœuvre (Alger),"Alger, Algérie",Entreprise Publique recrute un Manœuvre pour ragréer les surfaces et réaliser les joints...,7 août 2024,indifférent
Recouvrement et Comptabilité (Alger),"Alger, Algérie",SONELTECH recrute un Recouvrement et Comptabilité pour assurer le suivi et le recouvrement des créances échues...,7 août 2024,CDD
Commercial Service Formation (Alger),"Alger, Algérie",SONELTECH recrute un Commercial Service Formation pour assurer la promotion des différentes offres de formation référencées dans le catalogue...,7 août 2024,CDD
Chef d'Equipe Conditionnement 1 Kg (Boumerdes),"Ouled Moussa, Boumerdes, Algérie",GRD LaBelle SPA recrute un Chef d'Equipe Conditionnement 1 Kg pour veiller à l’application du Règlement intérieur...,7 août 2024,CDD
Agent Polyvalent (Alger),"Cheraga, Alger, Algérie","Dermab Cosmetics recrute un Agent Polyvalent pour l'accueil, gestion du courrier, secrétariat...",7 août 2024,indifférent
Conducteur de Grue Mobile (Alger),"Alger, Algérie",Entreprise Publique recrute un Conducteur de Grue Mobile pour conduire une grue et assurer la manutention des charges...,7 août 2024,indifférent
Chargé d'Etudes (Chargé Clientèle E ... (Alger),"Bab Ezzouar, Alger, Algérie",Importante Banque Nationale recrute un Chargé d'Etudes (Chargé Clientèle Entreprise) pour gérer de manière efficace un portefeuille de clients entreprises en établissant et maintenant des relations de qualité,7 août 2024,indifférent
Technicien Réseau Informatique (Alger),"Douera, Alger, Algérie",EURL SMART SOLUTION PROVIDER recrute un Technicien Réseau Informatique pour le brassage des armoires...,7 août 2024,CDD
Assistant Normes et Qualité (Alger),"Alger, Algérie",Société Privée recrute un Assistant Normes et Qualité pour l'assistance administrative de l’équipe qualité..,7 août 2024,CDD
Chargé d'Etudes ( Chargé Clientèle ... (Alger),"Bab Ezzouar, Alger, Algérie",Importante Banque Nationale recrute un Chargé d'Etudes pour collaborer étroitement avec les autres membres de l'équipe afin de garantir un service client de qualité...,7 août 2024,indifférent
Chargé des Opérations (Alger),"Bab Ezzouar, Alger, Algérie",Importante Banque Nationale recrute un Chargé des Opérations pour signaler toute opération suspecte...,7 août 2024,indifférent
Chargé d'Etudes (Alger),"Bab Ezzouar, Alger, Algérie",Importante Banque Nationale recrute un Chargé d'Etudes pour collaborer étroitement avec les autres membres de l'équipe afin de garantir un service client de qualité...,7 août 2024,indifférent
Caissier Principal (Alger),"Bab Ezzouar, Alger, Algérie",Importante Banque Nationale recrute un Caissier Principal pour assurer les opérations de retrait et de versement à travers...,7 août 2024,indifférent
Assistante Commerciale (Alger),"Bordj El Kiffan, Alger, Algérie","Chrono Carton recrute une Assistante Commerciale pour rédiger et traiter les devis, commandes et contrats...",6 août 2024,indifférent
Pharmacien (Alger),"Zeralda, Alger, Algérie",Pharmacie Chouieb Mohamed El Amine recrute un Pharmacien pour suivre les stocks et passer les commandes...,6 août 2024,indifférent
Vendeur en Pharmacie (Alger),"Zeralda, Alger, Algérie",Pharmacie Chouieb Mohamed El Amine recrute un Vendeur en Pharmacie pour recevoir et préparer les ordonnances médicales...,6 août 2024,indifférent
CW-Senior Biopharmaceutical Represe ... (Alger),"Alger, Algérie",Société Privée recrute un CW-Senior Biopharmaceutical Representative pour suivre les ventes et les tendances du marché...,6 août 2024,indifférent
Pharmacienne Chargée des Affaires R ... (Alger),"Alger, Algérie",Société Privée recrute une Pharmacienne Chargée des Affaires Règlementaires pour collaborer avec les autorités de régulation et répondre à leurs demandes ou questions...,6 août 2024,indifférent
General Manager (Alger),"Alger, Algérie",Société Privée recrute un General Manager pour diriger et motiver les équipes...,6 août 2024,indifférent
Chargé des Achats Locaux et Interna ... (Béjaïa),"Béjaïa, Algérie",PROFERT AGRI recrute un Chargé(e) des Achats Locaux et Internationaux (H/F) pour envoyer les commandes aux fournisseurs sélectionnés...,6 août 2024,CDD
Agent de Sécurité (Blida),"Guerouaou, Blida, Algérie",SARL SOPI recrute un Agent de Sécurité pour la surveillance des installations...,6 août 2024,CDD
Responsable de Système d'Informatiq ... (Alger),"H'raoua, Alger, Algérie",Sarl Starouate recrute un Responsable de Système d'Informatique pour gérer le budget global du service ou secteur...,6 août 2024,CDD
Magasinier (Alger),"Alger, Algérie",Entreprise Publique recrute un Magasinier pour réceptionner les commandes de livraisons...,6 août 2024,indifférent
Agent Conditionnement (Alger),"Alger, Algérie",SPA BIOTECH-BIOCARE recrute des Agent Conditionnement pour exécution des travaux de conditionnement secondaire et leur acheminement vers les aires de stockage des produits finis...,6 août 2024,indifférent
Opérateur Pompe à Béton (Alger),"Alger, Algérie",Entreprise Publique recrute un Opérateur Pompe à Béton pour contrôler l’alimentation de la centrale en adjuvants...,6 août 2024,indifférent
Coffreur (Alger),"Alger, Algérie",Entreprise Publique recrute un Coffreur pour installer et ajuster les coffrages de toute nature sur le projet...,6 août 2024,indifférent
Responsable Key Account B2B (Alger),"Alger, Algérie",WATANIYA TELECOM ALGERIE - OOREDOO - recrute un Responsable Key Account B2B pour faire des remontées terrains...,6 août 2024,CDI
Ferrailleur (Alger),"Alger, Algérie",Entreprise Publique recrute un Ferrailleur pour façonner les armatures...,6 août 2024,indifférent
Marchandiseur (Nord/Sud),"Sétif, Algérie",SARL BIOLUX recrute un Marchandiseur pour la gestion et optimisation des présentations en magasin...,6 août 2024,CDD
Marchandiseur (Sétif),"El Eulma, Sétif, Algérie",SARL BIOLUX recrute un Marchandiseur pour la gestion et optimisation des présentations en magasin...,6 août 2024,CDD
Marchandiseur (Tizi Ouzou / Bouira),"Tizi Ouzou, Algérie",SARL BIOLUX recrute un Marchandiseur pour la gestion et optimisation des présentations en magasin...,6 août 2024,CDD
Marchandiseur (Nord Est),"Annaba, Algérie",SARL BIOLUX recrute un Marchandiseur pour,6 août 2024,CDD
Marchandiseur (Boumerdes),"Boumerdes, Algérie",SARL BIOLUX recrute un Marchandiseur pour mettre en place des actions merchandising...,6 août 2024,CDD
Marchandiseur (Mostaganem),"Mostaganem, Algérie",SARL BIOLUX recrute un Marchandiseur pour faire des relevés d’information...,6 août 2024,CDD
Marchandiseur (Oran),"Oran, Algérie",SARL BIOLUX recrute un Marchandiseur pour faire des relevés d’information...,6 août 2024,CDD
Chauffeur (Alger),"Zeralda, Alger, Algérie",SARL VECOPHARM recrute un Chauffeur pour fournir un excellent service client lors de chaque trajet...,6 août 2024,indifférent
Manœuvre Journalier (Blida),"Beni Tamou, Blida, Algérie",Vitroplant Algérie recrute un Manœuvre Journalier pour veiller à appliquer les règles de sécurité et les procédures de qualité en vigueur...,5 août 2024,indifférent
Ouvrier de Fabrication Mélamine et ... (Boumerdes),"Boumerdes, Algérie",DIKEA recrute un Ouvrier de Fabrication Mélamine et Bois pour réaliser les plans de fabrication et d'installation...,5 août 2024,indifférent
Coordinateur de Sécurité (Alger),"Oued Smar, Alger, Algérie",SAIDAL GROUPE recrute un Coordinateur de Sécurité pour la veille technologique et réglementaire...,5 août 2024,indifférent
Chef de Groupe Sécurité (Alger),"Oued Smar, Alger, Algérie",SAIDAL GROUPE recrute un Chef de Groupe Sécurité pour s’assurer du bon état des installations de sécurité...,5 août 2024,indifférent
Agent de Sécurité (Alger),"Oued Smar, Alger, Algérie",SAIDAL GROUPE recrute un Agent de Sécurité pour assister et surveille les travaux dangereux...,5 août 2024,indifférent
Technicien Grand Format (Alger),"Alger, Algérie",PROTECO recrute un Technicien Grand Format pour former les utilisateurs à l'utilisation et à l'entretien des équipements grand format...,5 août 2024,indifférent
Responsable des Ressources Humaines ... (Alger),"Alger-Centre, Alger, Algérie",Société Privée recrute un Responsable des Ressources Humaines pour assurer le respect de la loi en vigueur...,5 août 2024,CDI
Soudeur (Alger),"Birkhadem, Alger, Algérie",Société Privée recrute un Soudeur pour réaliser les soudures...,5 août 2024,CDD
Chargé de Service Clientèle (Blida),"Blida, Blida, Algérie",SARL SOPI recrute un(e) Chargé(e) de Service Clientèle pour répondre à leurs besoins...,5 août 2024,CDD
Responsable Mécanique Parc Roulant (Alger),"Alger, Algérie",SERO recrute un Responsable Mécanique Parc Roulant pour assurer le respect des normes de sécurité et de réglementation...,5 août 2024,indifférent
Responsable Maintenance Parc Roulan ... (Alger),"Alger, Algérie",SERO recrute un Responsable Maintenance Parc Roulant pour encadrer et former le personnel de maintenance...,5 août 2024,indifférent
Assistante Ressources Humaines (Alger),"Alger, Algérie",EMPLOI PARTNER recrute une Assistante Ressources Humaines pour assister dans la gestion de la paie et des avantages sociaux...,5 août 2024,indifférent
Chef de Département des Marchés (Alger),"Alger, Algérie",Importante Banque Nationale recrute un Chef de Département des Marchés pour réaliser des études et des synthèses en matière de passion des marchés...,5 août 2024,indifférent
Technical Writer (Alger),"Rahmania, Alger, Algérie","SARL NETFER SMART SOLUTIONS recrute un Technical Writer pour organiser et planifier les projets de documentation, respecter les délais, et assurer la qualité des livrables...",4 août 2024,CDD
Responsable Export (Alger),"Alger-Centre, Alger, Algérie",Talent Connected recrute un Responsable Export pour,4 août 2024,CDI
Ingénieur Principal en Instrumentat ... (Alger),"Alger, Algérie",Huntead recrute pour son client ELKINDI Engineering un Ingénieur Principal en Instrumentation pour la coordination avec les autres services et intervenant...,4 août 2024,CDD
Responsable Administration (Alger),"Kouba, Alger, Algérie",HUNTEAD recrute un Responsable Administration pour gérer les ressources humaines et les finances...,4 août 2024,indifférent
Social Média Manager (Alger),"Dely Ibrahim, Alger, Algérie",Société Privée recrute un Social Média Manager pour la veille concurrentielle ; benchmarking et analyse du marché...,4 août 2024,Temps plein
Manœuvre (Alger),"El Harrach, Alger, Algérie",Entreprise Publique recrute un Manœuvre pour participer aux compagnes de nettoyage...,4 août 2024,indifférent
Technicien Topographe (Bouira),"El Asnam, Bouira, Algérie",Entreprise Publique recrute un Technicien Topographe pour établir les mesures de série...,4 août 2024,indifférent
Agent de Sécurité (Alger),"Alger, Algérie",Entreprise Privée recrute un Agent de Sécurité pour assurer la surveillance du site...,4 août 2024,indifférent
Superviseur HSE (Alger),"Alger, Algérie",BIOCARE BIOTECH recrute un Superviseur HSE pour réduire et contrôler les risques professionnels...,4 août 2024,CDI
Directeur de Projet (Alger),"Alger, Algérie",Entreprise Publique recrute un Directeur de Projet pour établir les rapports d’Activités...,4 août 2024,indifférent
Commercial (Immobilier) (Alger),"Alger, Algérie",MY EMPRUNT recrute un Commercial pour mettre en œuvre un plan d’action commercial...,4 août 2024,CDD
Commercial (Immobilier) (Oran),"Oran, Algérie",MY EMPRUNT recrute un Commercial pour mettre en œuvre un plan d’action commercial...,4 août 2024,CDD
Responsable Achats et Approvisionne ... (Alger),"Birtouta, Alger, Algérie",SARL OUI CHEF recrute un Responsable achats et approvisionnement pour préparer les commandes de produits sortants...,4 août 2024,CDD
Aide Magasinier (Alger),"Birtouta, Alger, Algérie",SARL OUI CHEF recrute un aide Magasinier pour le groupage des produits destines a une commande...,4 août 2024,CDD
Responsable des Systèmes d'Informat ... (Alger),"Alger, Algérie","SARL OUI CHEF recrute un Administrateur Systèmes Informatique pour installer et mettre à niveau les composants informatiques et les logiciels, gérer les serveurs virtuels et intégrer les processus d'automatisation...",4 août 2024,indifférent
Operations Lead (West Africa),"Alger, Algérie",Huntead recrute un Operations Lead (West Africa) ...,1 août 2024,indifférent
Responsable de la Sécurité des Syst ... (Alger),"Alger, Algérie",Huntead recrute un Responsable de la Sécurité des Système d'Information (RSSI) pour élaborer et mettre à jour la politique de sécurité des systèmes d'information...,1 août 2024,indifférent
Responsable de la Sécurité des Syst ... (Alger),"Kouba, Alger, Algérie",EMPLOI PARTNER recrute un Responsable de la Sécurité des Système d'Information (RSSI) POUR concevoir et actualiser la politique de sécurité des systèmes d'information.;;,1 août 2024,indifférent
Support Maintenance Engineer (Alger),"Alger, Algérie",Huntead recrute un Support Maintenance Engineer...,1 août 2024,indifférent
IT Support Specialist (Alger),"Alger, Algérie",Huntead recrute un IT Support Specialist...,1 août 2024,indifférent
Responsable de la Sécurité des Syst ... (Alger),"Alger, Algérie",Entreprise Privée recrute un Responsable de la Sécurité des Système d'Information (RSSI) pour élaborer et mettre à jour la politique de sécurité des systèmes d'information...,1 août 2024,indifférent
Directeur National des Ventes (Oran),"Oran, Algérie",AMB international recrute un Directeur National des Ventes pour définir et mettre en œuvre la stratégie de vente nationale en accord avec les objectifs de l’entreprise...,1 août 2024,indifférent
Community Manager (Oran),"Oran, Algérie",AMB international recrute un Community Manager pour surveiller les activités des concurrents et les tendances du secteur...,1 août 2024,indifférent
Délégué Médico-Commercial (Sétif),"Sétif, Algérie",AMB international recrute un Délégué Médico-Commercial pour analyser le marché et les tendances...,1 août 2024,indifférent
Délégué Médico-Commercial (Mostaganem),"Mostaganem, Algérie",AMB international recrute un Délégué Médico-Commercial pour analyser le marché et les tendances...,1 août 2024,indifférent
Délégué Médico-Commercial (Annaba),"Annaba, Algérie",AMB international recrute un Délégué Médico-Commercial pour analyser le marché et les tendances...,1 août 2024,indifférent
Délégué Médico-Commercial (Constantine),"Constantine, Algérie",AMB international recrute un Délégué Médico-Commercial pour analyser le marché et les tendances...,1 août 2024,indifférent
Délégué Médico-Commercial (Oran),"Oran, Algérie",AMB international recrute un Délégué Médico-Commercial pour analyser le marché et les tendances...,1 août 2024,indifférent
Délégué Médico-Commercial (Boumerdes),"Boumerdes, Algérie",AMB international recrute un Délégué Médico-Commercial pour analyser le marché et les tendances...,1 août 2024,indifférent
Délégué Médico-Commercial (Blida),"Blida, Algérie",AMB international recrute un Délégué Médico-Commercial pour analyser le marché et les tendances...,1 août 2024,indifférent
Délégué Médico-Commercial (Alger),"Alger, Algérie",AMB international recrute un Délégué Médico-Commercial pour analyser le marché et les tendances...,1 août 2024,indifférent
Informaticien Help Desk (Alger),"Alger, Algérie",SPA BIOCARE-BIOTECH recrute un Informaticien Help Desk pour assister les utilisateurs...,1 août 2024,CDD
Databases Senior Engineer (Alger),"Alger, Algérie",WATANIYA TELECOM ALGERIE - OOREDOO - recrute un Databases Senior Engineer pour surveiller continuellement et optimiser les performances des bases de données et des clusters Big Data...,1 août 2024,CDI
Chargé de Fonction Administrative E ... (Alger),"Cheraga, Alger, Algérie","Importante Banque privée recrute un Chargé de Fonction Administrative pour accueillir, orienter et informer les clients et les non clients pénétrant dans l’agence…",1 août 2024,CDI
Technicien Service Desk (Alger),"Bab Ezzouar, Alger, Algérie",SPA BNP Paribas El Djazair recrute un Technicien Service Desk pour fournir le premier niveau d’assistance aux utilisateurs...,1 août 2024,indifférent
Hardware Asset Manager (Alger),"Alger, Algérie",Importante Banque recrute un Hardware Asset Manager pour la négociation des contrats et gestion des commandes...,1 août 2024,indifférent
Technicien Automaticien de Maintena ... (Alger),"Alger, Algérie",DJAZAIR PORT WORLD recrute un Technicien Automaticien de Maintenance pour surveiller le fonctionnement des systèmes automatisés...,1 août 2024,CDD
Architecte (Oran),"Oran, Algérie",BELUX ECLAIRAGE recrute un Architecte pour la conception architecturale...,1 août 2024,indifférent
Agent Commercial Chargé de Prospect ... (Oran),"Oran, Algérie",BELUX ECLAIRAGE recrute un Agent Commercial - Chargé de Prospection Marché International (Afrique) pour recherche des plans de charges dans une zone géographique déterminée...,1 août 2024,CDD
Responsable Sûreté Interne d'Entrep ... (Alger),"Alger, Algérie",SPA DIVINDUS CAPREF recrute un Responsable Sûreté Interne d'Entreprise pour assurer la sécurité des équipements...,1 août 2024,CDD
Femme de Chambre (Alger),"Alger, Algérie",Hôtel Hydra recrute une Femme de Chambre pour assurer la propreté des salles de bains et des équipements dans les chambres...,1 août 2024,indifférent
Agent d'Entretien (Alger),"Alger, Algérie",Hôtel Hydra recrute un Agent d'Entretien pour utiliser les produits de nettoyage de manière sûre et efficace...,1 août 2024,indifférent
Maître d'Hôtel (Alger),"Ouled Fayet, Alger, Algérie",Hôtel Hydra Ouled Fayet recrute un Maître d'Hôtel pour la gestion des stocks du matériel de restaurant...,1 août 2024,CDI
Commercial (H/F) (Alger),"Ouled Fayet, Alger, Algérie",Hôtel Hydra recrute un(e) Commercial(e) pour la relation Clientèle...,1 août 2024,CDI
Directeur Marketing et Vente (Alger),"Zeralda, Alger, Algérie",Importante Société Pharmaceutique Privée recrute un Directeur Marketing et Vente pour analyser le porte feuille produit et les principaux marchés...,1 août 2024,CDD
Comptable Gestionnaire Administrati ... (Boumerdes),"Boumerdes, Algérie","RB Global recrute un Comptable Gestionnaire Administratif pour veiller au respect des obligations fiscales et légales, et préparer les déclarations fiscales et sociales...",31 juil. 2024,indifférent
Directeur Technique (Alger),"Alger, Algérie",Société Privée recrute un Directeur Technique pour diriger et développer les équipes techniques...,31 juil. 2024,indifférent
Infographe (Alger),"Dar El Beïda, Alger, Algérie",SARL BIOLUX recrute un Infographe pour,31 juil. 2024,CDD
Femme de Ménage (Alger),"Birkhadem, Alger, Algérie",Entreprise Privée recrute un Femme de Ménage pour respecter toutes les règles d'hygiène et sécurité...,31 juil. 2024,CDD
Juriste Senior (Alger),"Alger, Algérie","SARL GREAT WAY recrute un Juriste Senior pour rédiger, réviser et négocier des contrats, des accords complexes et d’autres documents juridiques importants...",31 juil. 2024,indifférent
Juriste Junior (Alger),"Alger, Algérie","SARL GREAT WAY recrute un(e) Juriste Junior pour rédiger, réviser et négocier des contrats, des accords et autres documents juridiques...",31 juil. 2024,indifférent
Graphiste Senior (Alger),"Alger, Algérie",SARL GREAT WAY recrute un Graphiste Senior pour explorer de nouvelles tendances et techniques en design graphique pour proposer des idées originales et pertinentes...,31 juil. 2024,indifférent
Graphiste Junior (Alger),"Alger, Algérie",SARL GREAT WAY recrute un Graphiste Junior pour collaborer avec l'équipe de design pour développer des concepts créatifs selon les directives et les besoins des projets...,31 juil. 2024,indifférent
Marketing Manager Magasin Senior (Alger),"Alger, Algérie","SARL GREAT WAY recrute un Marketing Manager Magasin Senior pour gérer le budget marketing local, surveiller les dépenses et assurer une utilisation efficace des ressources...",31 juil. 2024,indifférent
Agent Polyvalent en Mécanique (Alger),"El Marsa, Alger, Algérie",Cosider Canalisation recrute un Agent Polyvalent en Mécanique pour tenir à jour les dossiers techniques et les rapports de maintenance...,31 juil. 2024,indifférent
Marketing Manager Magasin Junior (Alger),"Alger, Algérie",SARL GREAT WAY recrute un Marketing Manager Magasin Junior pour organiser et coordonner des événements en magasin pour promouvoir les produits et attirer les clients...,31 juil. 2024,indifférent
Marketing Digital Manager Senior (Alger),"Alger, Algérie","SARL GREAT WAY recrute un Marketing Digital Manager Senior pour gérer le budget marketing digital, optimiser les dépenses et assurer une allocation efficace des ressources...",31 juil. 2024,indifférent
Marketing Digital Manager Junior (Alger),"Alger, Algérie","SARL GREAT WAY recrute un Marketing Digital Manager Junior pour utiliser et gérer les outils de gestion de campagnes, d'automatisation du marketing et de CRM...",31 juil. 2024,indifférent
Web Manager Senior (Alger),"Alger, Algérie",SARL GREAT WAY recrute un Web Manager Senior pour superviser la création et la mise en œuvre de contenus pertinents et engageants pour les sites web...,31 juil. 2024,indifférent
Web Manager Junior (Alger),"Alger, Algérie",SARL GREAT WAY recrute un Web Manager Junior pour collaborer avec les équipes internes pour la création et la mise en œuvre de campagnes digitales et de projets web...,31 juil. 2024,indifférent
Community Manager Senior (Alger),"Alger, Algérie","SARL GREAT WAY recrute un Community Manager Senior pour engager et développer la communauté en ligne, gérer les interactions et modérer les discussions...",31 juil. 2024,indifférent
Community Manager Junior (Alger),"Alger, Algérie","SARL GREAT WAY recrute un Community Manager Junior pour surveiller les tendances, les discussions et les concurrents sur les réseaux sociaux...",31 juil. 2024,indifférent
Chargé(e) Commercial (Alger),"Alger, Algérie",Société Privée recrute un(e) Chargé(e) Commercial pour le suivi des livraisons entre transitaires et le client...,31 juil. 2024,indifférent
Technicien Supérieur en Travaux Pub ... (Alger),"Alger, Algérie",CTTP recrute un Technicien Supérieur en Travaux Publiques pour surveiller l’activité du réseau...,31 juil. 2024,CDD
Assistante de Direction (Alger),"Alger, Algérie","IMMAR DZ recrute une Secrétaire de Direction pour rédiger, corriger, et archiver des documents administratifs...",31 juil. 2024,indifférent
Stagiaire Commerciale (Alger),"Alger, Algérie",INTERIMEO recrute un(e) Stagiaire Commerciale pour l'élaboration d'offres commerciales...,31 juil. 2024,Stage
Plombier (Boumerdes),"Boumerdes, Algérie","SARL ORKAS recrute un Plombier pour détecter et réparer les fuites, obstructions et autres problèmes de plomberie...",31 juil. 2024,indifférent
Concepteur de Façades (Boumerdes),"Boumerdes, Algérie","SARL ORKAS recrute un Concepteur de Façades pour préparer les dossiers techniques, les spécifications et les rapports pour les projets de façades...",31 juil. 2024,indifférent
Opérateur sur Machine (Boumerdes),"Boumerdes, Algérie",SARL ORKAS recrute un Opérateur sur Machine pour remplir les rapports de production et enregistrer les incidents ou anomalies...,31 juil. 2024,indifférent
Infographe (Boumerdes),"Boumerdes, Algérie",SARL ORKAS recrute un Infographe pour transformer des données complexes en visuels clairs et compréhensibles...,31 juil. 2024,indifférent
Aide Cuisinier (Boumerdes),"Boumerdes, Algérie",SARL ORKAS recrute un Aide Cuisinier pour veiller à l’application des normes d'hygiène et de sécurité alimentaire...,31 juil. 2024,indifférent
Agent HSE (Alger),"Alger, Algérie",SPA BIOCARE-BIOTECH recrute un Agent HSE pour intervenir en cas d’urgence ou besoin...,31 juil. 2024,CDD
Agent de Télésurveillance (Alger),"Alger, Algérie",SPA BIOCARE-BIOTECH recrute un Agent de Télésurveillance pour enquêter sur les incidents survenus...,31 juil. 2024,CDD
Conducteur de Travaux (Sétif),"Sétif, Algérie",Biaxial Films Packaging recrute un Conducteur de Travaux pour élaborer et suivre le planning des travaux...,31 juil. 2024,indifférent
Chef de Chantier (Sétif),"Sétif, Algérie",Biaxial Films Packaging recrute un Chef de Chantier pour planifier et organiser les activités de chantier...,31 juil. 2024,indifférent
Chef d'Equipe (Sétif),"Sétif, Algérie",Biaxial Films Packaging recrute un Chef d'Equipe pour résoudre les problèmes internes...,31 juil. 2024,indifférent
Responsable de la Direction Créativ ... (Alger),"Dar El Beïda, Alger, Algérie",SARL BIOLUX recrute un Responsable de la Direction Créative pour intégrer les meilleures pratiques et techniques créatives pour enrichir les projets...,30 juil. 2024,CDI
Manutentionnaire (Alger),"Hussein Dey, Alger, Algérie","SARL BIOLUX recrute un Manutentionnaire pour déplacer, porter et emballer les produits...",30 juil. 2024,CDD
Infirmier (Alger),"Alger, Algérie",Société Privée recrute un Infirmier pour assurer une surveillance constante et être à l'écoute du patient...,30 juil. 2024,indifférent
Technicien Electricien (Oran),"Tafraoui, Oran, Algérie",Société Privée recrute un Technicien Electricien pour effectuer les réglages nécessaires pour optimiser les performances des systèmes électriques...,30 juil. 2024,CDD
Technicien HVAC (Oran),"Tafraoui, Oran, Algérie","Société Privée recrute un Technicien HVAC pour effectuer les raccordements électriques, hydrauliques et de ventilation nécessaires...",30 juil. 2024,CDD
Plombier (Oran),"Tafraoui, Oran, Algérie",Société Privée recrute un Plombier pour régler les appareils et la robinetterie...,30 juil. 2024,CDD
